,Smell_Word,Smell_Source,Quality,Odour_Carrier,Evoked_Odorant,Location,Perceiver,Time,Circumstances,Effect
0,fragrant|fragrant,The flowers,fragrant|fragrant,,,,,,,
1,smell,monsters|other demigods,,,,from a distance,satyrs,,,
2,,,,,,,,,,
3,,,,,,,,,,
4,,,,,,,,,,
5,smelled|fragrances,,heavy|flowery|smoky,The air,,,,,,
6,smell|scent|perfume|perfume,of the perfume|perfume that she,rich,,,,Arcturus,,,
7,smelled,It,floral|lovely,,,,,,,
8,smelling|smelling,tea,strong - smelling|smelling,,,,,,,
9,,,,,,,,,,
10,,,,,,,,,,
11,,,,,,,,,,
12,,,,,,,,,,
13,,,,,,,,,,
14,,,,,,,,,,
15,,,,,,,,,,
16,smell,,,,,,He|he,,,
17,smell,of the skin|citrus,,,,,,,dipped in olive oil,
18,smelled,the sweat on,,,,,He,,,
19,,,,,,,,,,
20,,,,,,,,,,
21,,,,,,,,,,
22,,,,,,,,,,
23,,,,,,,,,,
24,,,,,,,,,,
25,smelling,,salty,Their,,,They,,,
26,,,,,,,,,,
27,smell,Laconian hound,great,,,,,,,
28,smell,of blood,sickening,,,,His|his|he,,,
29,aroma,Hyacinths|their,sweet,in the breeze|into the air,,,,,,
30,fragrance,Huakinthos|the blossoming flowers|their,,,,,,,,
31,aroma,steam|burning pine|its,pleasing,,,the room,,,,
32,smell,it,distinct aromatic,the air,,,,,,
33,smell,its,,,,,Akhilleus|he,,,
34,smell,Laconian hound,great,,,,,,,
35,scent,of the mountains|the sea,,the air,,,,,,
36,smell|perfume,of burning incense,cheap,,,,they,,,
37,smell,of wine,,,,,,most days,,that ills me
38,scented|scented,violets,sweet|scented|scented,,,,,,,
39,smell,,,,,,her children,,,
40,smell,the wine,fragrant|sweet,by the wind,,through trees,,,,
41,stench,of death,heavy,,,,,,,singing dreadfully
42,,,,,,,,,,
43,smell,,,,,,I,,,
44,scent,of the forest,sweet,,,,He,,,
45,,,,,,,,,,
46,,,,,,,,,,
47,smelled,their skins,,,,,the monster,,,
48,smelled,milk,,,,,He,,,
49,Smells,,,,,from the kitchens|the|the castle|castle,me|me,,,enticed me|me to journey into the|the castle|castle to eat
50,,,,,,,,,,
51,,,,,,,,,,
52,,,,,,,,,,
53,scent,of death,,,,,they|they|him,,,
54,smelled|smell,It,pine|pine,,like a powerful mix of herbs|its usual pine|pine,,,,,
55,smell,of smoke,faint,,,,they,,,
56,,,,,,,,,,
57,,,,,,,,,,
58,smell,you,,,,,I,,,
59,smell,I,bad,,,,,,,
60,smell,you,fine,,,,,,,
61,sniff,one of the snakes,,,,,,,,
62,scent,of flowers and drops of the river,sweet syrupy,,,,Apollo,,,
63,,,,,,,,,,
64,,,,,,,,,,
65,,,,,,,,,,
66,smells,it|herbs,,,of the white willows,,,,,
67,smell|scent,the|oils|pomegranate|sandalwood,familiar|underlying,,like meadow - sweet and honeysuckle,,He,,,
68,odour,of sea foam and damp sand,ghostly|briny,,,,,,from his sea nymph mother ' s visit,
69,,,,,,,,,,
70,,,,,,,,,,
71,smell,,sickening,,,,,,,
72,,,,,,,,,,
73,scent,of ichor,sharp iron|laced|cloying,,,,,,,
74,,,,,,,,,,
75,,,,,,,,,,
76,,,,,,,,,,
77,,,,,,,,,,
78,scent,of lavender,refreshing,the air,,,,,,
79,,,,,,,,,,
80,,,,,,,,,,
81,,,,,,,,,,
82,,,,,,,,,,
83,smelled,My skin|of grass and dirt,,,,,,,,
84,,,,,,,,,,
85,smelling|smelling,liquid,sweet - smelling|smelling,,,,,,,
86,smelling|smelling,drops,sweet - smelling|smelling|disarming,,,,,,,
87,scent,of ripened fruit|thick summer air,,,,,,,as they knelt down,
88,aroma,,sweet|heady,,,,I|I,,,I|I was nearly dizzied
89,scent,,dizzying,,,,,,,
90,fragrant|fragrant,oils,fragrant|fragrant,,,,I,,,
91,smell,of the grass,,,,,,,,
92,smell,,,,,,my,,,only making me more eager
93,scent,of ripening fruit,heady,on a summer breeze,,,,,,
94,smell,of him,,,,,,,,
95,perfume,the flower ' s,,,,,Her|she,,,
96,smell,of his cologne,,,,,,,,
97,scent,of his cologne,intoxicating,,,,,,,
98,putrid|putrid,,putrid|putrid,,,,,,,
99,scent,of laurel|frankincense,,,,,,,,
100,scent,her,,,,,He,,,
101,scent,Apollo|of laurel leaves,,,,,,,,
102,scent,her,,,,,He,,,to calm himself
103,smelled,She,,,like home,,,,,
104,scent,of laurel|frankincense,,,,,He,,,
105,,,,,,,,,,
106,,,,,,,,,,
107,,,,,,,,,,
108,,,,,,,,,,
109,,,,,,,,,,
110,smelling|smelling fumes|fumes,,foul - smelling|smelling,fumes|fumes,,from,,,,
111,smelling|smelling,mixture,foul - smelling|smelling,,,,,,,
112,smell,the bones|whatever,,,like food,,to Atalanta,,,
113,smelling,ingredients,very unpleasant,,,,,,,
114,scent,her,,,,,,,,
115,reek,his,,,,,,,,made her want to retch
116,breath|stench,his,foul,into the air,,,him|he,,,
117,smelled,he,horrible,,,,,,,
118,scent,blood|of Aiakos|Peleus|hints,unmistakable,,,,,,,
119,smelled,it,,,like Papa,,,,,
120,smelled,,strangely,,,The chamber,,,,
121,smell|smell,incense,earthy,,,,,,,
122,smell,incense,,,,around the edges of the room,her|her|she|she,,As her|her eyes adjusted to the low light,
123,stink,of|of blood|blood,,,of|of blood|blood and death,,,,,
124,smell,of roasted meat,succulent,,,,she,When,,
125,stink,of so many two - week - old corpses,stifling,,,,,,,
126,smell,,musty|stale,to the air,,,,,,
127,fetid|fetid,evil,fetid|fetid|filthy,,,,,,,
128,,,,,,,,,,
129,,,,,,,,,,
130,,,,,,,,,,
131,reeking,Iapetus,sickening,,,,,,,
132,stinking|stinking,mud,stinking|stinking,,,,,,,
133,,,,,,,,,,
134,smells,Luka|of fire,,,,,,,,
135,breath,,hot,,,,,,,
136,,,,,,,,,,
137,smelling,,,,,the large hall,,,,
138,smell,Soot|of burning flesh|roast succulent meat,,in,,even in the deepest recesses of the palace,,,,
139,scent,,familiar,,,,,,,Menelaos had to catch himself from looking
140,scent,,the same,,,,,,,
141,scent,,far too fine,,,,,,,
142,smelled|scent,Alexander|it,pleasant,,like a woman,,,,,
143,whiff|scent,,another|warm|welcoming,a brazier,,The room,,,,
144,smelling|smelling,,sweet|smelling|smelling,,,,,,,
145,scenting,,,,,,Paris,,,
146,smell,It|it,,,,,Menelaos,,,
147,smelled|smelled,,rich,,like a forest smelled|smelled,,,,,
148,stink,of worry,,,,,he|he,,,
149,,,,,,,,,,
150,smell|aroma,of the meat kabobs|grilled cheese|of the wine,fruity,the air,,,,,,it|enough to clear my mind of my troubles
151,,,,,,,,,,
152,,,,,,,,,,
153,,,,,,,,,,
154,,,,,,,,,,
155,,,,,,,,,,
156,,,,,,,,,,
157,smell,His,,,,,,,,
158,scent,his,,,,,,,,
159,,,,,,,,,,
160,,,,,,,,,,
161,smell,of cherry,,,,,his senses,,,
162,,,,,,,,,,
163,,,,,,,,,,
164,,,,,,,,,,
165,,,,,,,,,,
166,,,,,,,,,,
167,scent,of old books and cigar smoke,thick,in the air,,,,,,
168,,,,,,,,,,
169,,,,,,,,,,
170,smelling|smelling,pots|flowers,sweet smelling|smelling,Large umbrellas,,,,,,
171,stink|stink,,stink|stink,,,,,,,
172,stank,He|of|of,,,"of|of half - digested wine , piss and few more things",,,,,
173,sweetness,the blooming flowers|Olympos,,,,,,,,
174,scent,,,,,,his,,,
175,whiff,of greenery and rain,,,,,Ganymede,,,
176,,,,,,,,,,
177,,,,,,,,,,
178,smell,of roses,strong,,,,,,,
179,smelled|smell,he,sweet|so strong,,,,she,For,,it made him dizzy
180,Smelled,,,the dusty,,,,,,
181,fragrance,Her body,,,of lilies,,,,,
182,fragrance,of cut wheat,,,of Kore ' s hair,,,,,
183,scent,of Kore,,,,,Even Hecate ' s dogs,,,
184,smelled,It,,,of cut wheat .,,,,,
185,sniffed,,,,,,He,,,
186,scent,Achilles|of ocean currents|of salt and sand,,,,,,,,warming me
187,scent|scent,Patroclus|salt|seaweed|that sweet musk,rich|iodine,,,,,,,
188,smell,of his skin,,,,,I,,when he was near,
189,scent|scent|smell,his|of|of him,iodine|sweet,,,,I|I|I,,,I|I was sure I had never been happier
190,,,,,,,,,,
191,,,,,,,,,,
192,,,,,,,,,,
193,stink,of blood and fresh gore mixed with raw sewage,sweet - sick,,,,,,,
194,It|stench,,,,,,,,,that triggered their worst memories
195,smell,blood,,,,,They|they,,,
196,smelled,the basil,,,,,She,,,
197,snuffing,it,,,,,He,,,
198,smelled,it,,,like,,,,,
199,stink|smell,of ammonia|of rotting flesh,acrid|nauseatingly sweet,,,,,,,
200,smell,,worse,,,to|to the frontline trenches,,,the closer you get to|to,
201,smelled,it,,The air,of,,,,,
202,smelled,cherrywood|rose,,,,,he|he,,,
203,smells,Your bed,,,like you,,,,,
204,smell,of old decay,faint,,,,,,,
205,stinking|stinking,of unwashed bodies|pig filth,stinking|stinking,,,,him,,,
206,stinking,it,,,like sulphur and rot|like the trenches|like the Rumbling,,he,,,
207,sweetness,,nauseating,the air,,,,,,
208,smell,Body,this bad,,,,,,,
209,smelled|stink|stench,of ripened corpses|pig|shit|of Titans,festering,,resembled pig shit,,,,when they evaporated,
210,stenches,Trost,horrific,,,,,,,
211,smell|smell|stink|stink,the moist greasiness of titan flesh|of blood|sewer|sewer|of pierced bowels,overwhelming metallic|sewer|sewer,,,,she|she,,,
212,smell,,,,like the entire world was a battlefield,,,,,
213,smell,the musky greasewood resin|the smoke|the spices|piney cardamom|earthy curcumin|sweet nutmeg|the whip crack of salt,,,,,He,,,
214,smell,of old leather and oak,,,,His ostentatious room,,,,
215,stank,he|of|of|rank sweat,,,of|of,,,,,
216,stink,of seaweed and salt,sharp metallic,,,,Reiner,,,
217,smell,his,,,,,,,in the middle of sex,making her sick|she|d left bruises and wept that if|she would literally die
218,smell,of the other boy ' s lunch,,,,,,,,making him feel nauseous
219,smell,the vomit,,on,,,you|his,,,
220,smell,her,,on the fabric of the dress,,,he|he,,,
221,stink,of oil,stagnant,the atmosphere,,,,,,
222,smelled,He,,,like a cross between that|warm cast iron|something that reminded Gabi of horses,,,,,
223,odour|smell,pomposity,,,like,The,Annie,,,
224,stank,of smoke,,,,the gallery itself,Annie,,,
225,nose|smelled,it|of him,strongly,the blanket,,,,,,
226,smelled,of warm salt - water|of the sweet|deep pink flowers,,The air,,on the trees behind the beach,,,,
227,reeks,this|this,,,of dog,this|this place,,,,
228,smell,sulphur|rotting flesh,unspeakable,,,,,,,"and Thor fell to his knees , retching"
229,smell,his,,,,,I,,,
230,smell,of death,,,,,,,,
231,smelled,It,,,like a bar room carpet|something vaguely feral|a wild animal ' s den,,,,,
232,stink,you,,,like a goddamn dog,,,,,
233,smelling|smelling,oil|canvas,smelling|smelling,the warmer|air,,,She,,,
234,stank,of|of dog|dog piss|piss,,,of|of dog|dog piss|piss,The buildings|it,,,,
235,scent,of her nape,,,,,,,,
236,smelled,of new sawdust|smoke,,,,The cabin,,,,
237,smell,the warmth of his skin,,,,,she,,,
238,stink,fallow deer|of blood|offal,strong,,,the clearing,A few of the Infantry patrols,,,
239,sniffing,,,the,,,,,,
240,smell,deep fried flat bread,,,of the times she ' d sat,in a warm,,on winter days,,
241,nose|smell,his,,,,,,,,
242,sniffed,,,,,,He,,,
243,stink,of must and dirt,,,,,He,,,
244,smell,the dank of a subterranean space,,,,,,,,
245,stinks,It,,,of about a dozen dirty bodies,,,,,
246,stank,The|of formaldehyde|Titan ass,,,,,,,,
247,stinks,this,,,,,I,,,
248,Smelling,you,,,,,,,,
249,smelled,petals|the|the water|water|of teak|sandalwood,,the|the water|water,,,,,,
250,smell,Ymir|her,so strong|smokey|sweet,,,,,,,
251,reeks,,,,,the entire rest stop,,,,
252,smell,of salt air|baking|fried sea food,,into the sea breeze,,,,,,
253,stink|stink,,,,like waves of stink|stink off a corpse,,,,,
254,stink,,,,,,,as the evening wore on,,
255,breath|scent,his,,,,,,,"on a dark , cool night",
256,smell|smell,her|her,,,,in|in Utgard castle,He,,,brought him back to his desperation in|in
257,stink,the crisp evening air|of the ice burst exhaust,sharp chemical,,,,her,,,
258,sniffing,,,,,,Jean|his,,,
259,smell,his fear|the blood,,,,,I,,,
260,smells,It,,,like her,,,,,
261,smells,it,,,like me,,,,,
262,stink,The liquid,acrid,,,in the bowl,his|his,,,that burned his|his nostrils
263,smelled,He|of blood,faintly,,,,,,,
264,smell,You,better,,than a dog,,,,,
265,smelled,He,better,,than a dog,,,,,
266,scent,,,,that reminded|of cut grass and water purifier,,he,,,
267,sniffing,,,,,,He,,,
268,smell,you|of Grave ' s breath,,,,,,,,
269,scent|smelled,of eggs and melted cheese|it,greasy enough,,,,,,,that it made him both nauseous and hungry
270,scent,of his friend ' s spicy cologne,familiar,,,,Eren,,,
271,stinking|stinking,Mimir|witchcraft,stinking|stinking,,,,,,,
272,smelled,the broth,thick|savoury,,like it had been concentrated for|for days|days,,,for|for days|days,,
273,stink,,horrific,,,,around,,,
274,smell,of the sewer|death,,,,,,,,
275,stink,of old Ashanti sea dogs,,,of whale ' s anus,,,,,
276,smell,of hay|shavings|horse,,,,,He,,,
277,smell,they|cowardice,,,,,us,,,
278,stinks,Something,,,,,,,,
279,stink,It,really bad,,,,,,,
280,smell|stink,of built up tension,sharp,The|in the air,,,he,,,
281,smelling|smelling,green foliage,spicy smelling|smelling,,,along the riverside,,,,
282,smell,of plant growth,sweet|woody,,,,She,,,
283,it|scent,,,,,,,,,made her feel at ease
284,smelled,Sud,mint,,,,,,,
285,fragrance,,hot|woody,,,,,,,
286,smelled,of mint,faint,,,,she,,after her first encounter with,
287,smelling,,tainted|brackish,,,,He,,,
288,scent,of jasmine|hyacinth,blended,,,,,,,
289,smelled,she,,,like crackers and ginger tea,,,,,
290,smelled,He,,,like a man,,,,,
291,whiff,Mikasa,one,,,through the,Eren,,,
292,stink,You|unnatural|unnatural congress|congress,charnel,,of unnatural|unnatural congress|congress,,,,,
293,stink,I,,,,,,,,
294,smell,This,fair|sweet,,,,,,,
295,smelled,smoke,,,,,He,,,
296,stank,,,,of wet dog and fish,in the back allies and catacombs of,,,,
297,stank,he|of|of,,,of|of brine,,,,,
298,smell,death,,,,,I,,,
299,smelled,She,,,like her garden,,,,,the feeling of home settled inside him
300,nose|smells,He,so good,,,,,,,
301,cologne,This,,,,,,,,
302,sniffing,the Emir ' s letter,,,,,,,,
303,smell,,salty,,,,him,,,
304,stank,Zeke|he|of|of cigarette|cigarette smoke|smoke,,,of|of cigarette|cigarette smoke|smoke,,,,,
305,sniff,a letter,,,,,I,,,
306,smell,of sandlewood,,,,,I,,,
307,stink,of death,festering,,,,,,,
308,smell|smell,the continent,,,,,people on the island,sometimes,When the winds shifted over the channel,
309,fumes,from the disemboweled land,,,,,,,,
310,smelled|fragrant|fragrant|scent,she|rich dirt|wood|them,sweetly fragrant|fragrant|hot grassy,,,,,Now,,
311,smelled,it,,,like rain,,,,,
312,smelled,of|him,,,,,me,,,
313,scent,of summer strawberries,ripe,,,,he,,,
314,scent,her,,on his sheets,,,,,,
315,nose|scent,her|her,,,like the finest ambrosia,,he|his|him,,,
316,,,,,,,,,,
317,,,,,,,,,,
318,,,,,,,,,,
319,smell,of fruits,,,,,,,,
320,smell,of ash,,,,,,,,
321,scent,,,,,,The boy|an olive merchant,,,
322,fragrant|fragrant,,fresh|fragrant|fragrant,air,,of the garden,,,,
323,smell,of wet earth,,,,,his,,,
324,smell,of blood,,,,,,,,
325,smell,of flesh and blood,,,,,,,,
326,smells,,,,,,He,,,
327,scent,of the sea,,,,,he,,,
328,smell,,excruciating,,,,,,,
329,nose|smell,,foul,,,,He|his,,,
330,smell,anything,,,,,souls|He,,,
331,smell,of blood,,,,,,,,
332,smell|scent,her,gentle|gentle mixture|mixture,,a gentle|gentle mixture|mixture of roses and peaches,,I|I,,,
333,sniffing,at the wood,,,,,,,,
334,stench|fervor,of fresh blood,an insomnolent,,,,,,,
335,scent,of leather|cologne,heavy,,,throughout the small space,,,,
336,,,,,,,,,,
337,,,,,,,,,,
338,,,,,,,,,,
339,,,,,,,,,,
340,,,,,,,,,,
341,smell,of the ocean,,,,,I|I|me,,,
342,smell,of that kind stranger who,,the cold sheets,,,I|I,,,
343,smell,some meat,,,,the entire room,,,,
344,smell,of him,,,,,,,,I could only and only wanted to press him tighter against
345,smell,of him,sweet,,,,I,,,enveloped me and controlled every fiber of my being
346,smell,it,,,of Leon,,I|me,,,that made it pleasant
347,smell,his|his,,,,,I,,,
348,smell,of tobacco,,,,,,,,
349,smell|stench,of him|of him,hedient,,that of Leon,,I,,,
350,stench,,,,,,,,,that left his the armpits on the surroundings
351,smell,his,,,,,I|my,,,
352,stank,my body|of tobacco|of sweat|of frenzy,,,,,I,,,
353,smell,He,,,like burnt toast,,,,,
354,,,,,,,,,,
355,scent,of your arousal,,,,,,,,leading him closer and closer to madness
356,smell,you,divine,,,,,,,
357,smell,I,as good,,,,,,,
358,,,,,,,,,,
359,stench,of your blood,,,,into my world,,,,
360,smell,food,,,,of the building,he,,,
361,smelled|smelled,white|a smoke,odd|terrible,,,from a small grate on the ceiling,They,,,had them starting to cough and gag in the room
362,smelled,it,,,,,,,,
363,smell,of burning souls,foul,,,,I,Every morning,,
364,smells,,strange,,,,,,,frightens me|excites me
365,jars|perfumes,oils,,,,at the river,they,,,
366,smelling|smelling perfume,,sweet smelling|smelling,,,,they,,,
367,,,,,,,,,,
368,scents,of beer and food|hot sweaty bodies,sultry,the air,,on Bourbon,,a late June night,,
369,smell|perfume|smell,her|of sweat and lust,cheap,,,,He,,,
370,,,,,,,,,,
371,,,,,,,,,,
372,,,,,,,,,,
373,,,,,,,,,,
374,,,,,,,,,,
375,,,,,,,,,,
376,,,,,,,,,,
377,,,,,,,,,,
378,scent,,fresh|bitter,,,,He|her|him,,,
379,,,,,,,,,,
380,,,,,,,,,,
381,smell,of something cooking,,,,,He,,,
382,,,,,,,,,,
383,,,,,,,,,,
384,,,,,,,,,,
385,,,,,,,,,,
386,smelling|smelling,,sweet|smelling|smelling,,,around the glowing,,,,
387,smell,flesh,pomegranate,,,,Hera,,,
388,smelled|smelled,it|of|of mature|mature nectar|nectar|rich|rich ambrosia|ambrosia|it,,,of|of mature|mature nectar|nectar|rich|rich ambrosia|ambrosia|of bread,in the,,,,
389,scents,,enticing,,,,,,,
390,smell,the,,,,,him,,,
391,smell,This place,,,like Arcadia,,him,,,
392,smell,of frying fish|cooking meat,similar,,,,,last|this morning,,
393,smell,animal,,,,,his,,,
394,smell,,,,,,,,,made Ganymede feel better
395,aromas,of sacrificial smoke and meat,sweet,,,,the king,,,
396,scent|smell,of darkness|rotten swamp,musty,Black mist,,,him,,,
397,whiff,of green oak leaves,,,,,,,,
398,smell,of nectar and sunlight,,,,,,,,
399,smelled,Olympos,familiar faint sweetness,a gentle breeze,,,,,,
400,,,,,,,,,,
401,stench,of his cologne,,,,,,,,
402,smelling,the carton of milk|it,,,,,He,,,
403,smell,the salt of the sea|the,,,,,he|he,,,
404,nauseous|nauseous,,nauseous|nauseous,,,,Arthur,,,
405,putrid|putrid,,putrid|putrid,gas,,,,,,
406,scent,of nearby prey,,,,,000 of them,,,
407,ravenous|ravenous,swarms of Adiesomata,ravenous|ravenous,,,,,,,
408,scent,their,human,,,around the compound,the monsters,,,
409,scent,the smoke,,,,,,,,
410,stink,stains,,,,,Atalanta,,,
411,scent,her,,,,,They,,,
412,smelling|smelling,some|food,admittedly delicious - smelling|smelling,,,,,,,
413,Washed|perfumed|perfumed|stink,their,perfumed|perfumed,,,,,,,
414,smell,they,badly,,,,Atalanta,last night,,
415,perfumed|perfumed,,perfumed|perfumed,unguents,,,,,,
416,smell|sniff,we|we,that bad,around her armor,,,we|we,,,
417,stink,,more rude,,,,Atalanta,,,
418,stinky|stinky,the slaves,so stinky|stinky,,,,,,,
419,stink,,relative level,,,,Atalanta,,,
420,stank,this corner of the armory|of|of death|death,,,of|of death|death and old blood,,Irnuasu,,,
421,scent,,,,like,,,,,
422,smell,of roasting meat,,,,out of the open door of the house,,,,making Atalanta ' s stomach strongly remind her
423,scent,of some incomparable fruit,sweet,in the air,,,,,,
424,scent,,sweet,in the air,,,,,,
425,breath|odor,its,hot|foul,,,,,,,nearly suffocating her
426,smell,the corpses|them,,,,to a deeper chamber of the cave,they,,,
427,smelled,it,so vile,,,,Atalanta,,,that
428,smelling|smelling,,foul - smelling|smelling,smoke,,,,,,
429,Smell|sniffing,,,,,,,,,
430,stink,we|Of Achaian blades,,,,,,,,
431,smelled,of flowers|fresh fruit|fine wine,fresh|sweet|stale|dank,The air,of a prison,in the room,,,,
432,,,,,,,,,,
433,smell,of old papers and ink,,,,,he,,,
434,smelled,of sweet strawberries,,,,,,,,
435,smelling|smelling,oils|creams,sweet - smelling|smelling,,,,,,,
436,Smells,of strawberries|peaches|melon|passion - fruit,,,,,,,,
437,fragrant|fragrant,garlic|herbs,fragrant|fragrant,,,,,,,
438,smell,of rotten meat,,,,,Psyche,,,making her stomach roil
439,,,,,,,,,,
440,,,,,,,,,,
441,,,,,,,,,,
442,,,,,,,,,,
443,,,,,,,,,,
444,smelled,It,,,like the campfire,,,,,
445,smell,the cloak,,,it was around you,,You|you|you,,,
446,smelled,the honeyed copper,,,,,you|you,In the middle of the night,while you were tossing and turning trying to fall asleep,
447,,,,,,,,,,
448,,,,,,,,,,
449,,,,,,,,,,
450,smells,of jasmine and pine,honeyed,,,,,,,
451,smelled,He,,,like the white flowers in the garden,,,,,
452,smell|smell,of burning fire,strong,,,,my,,,takes over
453,smell|smell,fresh rain|newly sprouted poppies|rotting flowers,,in the air,,,I|I|I,when|when I|I am|am around|around|now,when|when I|I am|am around|around Makaria,refreshing and comforting me
454,smelled,the house,,,like honey and cinnamon,,,,After weeks of preparations,
455,smells,the food,mouthwatering,,,,,,,
456,stench|stanch,a wound|it,,,,,someone,,,
457,scent,of lavender|rosemary,,,,,,,,
458,sniff,,smallest,,,,,,,
459,smell,of hay and animals,,in the air,,Inside,,,,
460,sniff,the,,,,,,,,
461,scent,his,,,,,the dog|Aidon ',,,
462,smell,,familiar,,,,,,,
463,stench,of charred fur and flesh,,,,,he,,,
464,,,,,,,,,,
465,,,,,,,,,,
466,fragrant|fragrant,it|grass,sweet|fragrant|fragrant,,,,,,,
467,scent,of foliage|fresh air|of the stream,,,,,he,,,lulling him into tranquility
468,stench,of the dead,,,,,the funeral home,,,
469,scent,of spring|pollen|dust,heavy,in the air,,,my,,,
470,smelled,the dead,better,,,,,in the summer,,
471,smell,flowers|it,a little better,,,down there,,,,
472,smelled,of death and chemicals,,a towel,,from the kitchen,,,,want to come home
473,smell,of blooming hydrangeas,,,,,us,,,
474,scent,of chemicals,,,,,,,,
475,,,,,,,,,,
476,nose|smelled,burning flesh|boiling fat,,,,,Ganymede|his|he,,,
477,smelled|smell,It,,,like a pig roasting,,,,,
478,smell|fragrance,of Hestia ' s oil|a|of nectar,fresh,the air,,,he,,,
479,scent,deep -,,,,,Apollo,,,
480,Sniffing,,softly,,,,,,,
481,smell,,disgusting|nauseating|loathsome,,,,her,,,is giving her stomach an Olympic challenge
482,smell,of pastries,pleasant,,,the bakery,they,,,
483,smells,It,scrumptious,,,in here,,,,
484,scent,of the demon,musky|masculine|intoxicating|addicting,,,,,,,
485,,,,,,,,,,
486,smells,Pretty gege,good,,,,,,,
487,,,,,,,,,,
488,perfumes,the,,,,,,,,to hold back a retching
489,smell|scent,of salt|of broom .,,a warm wind,,,,,,
490,smell,of flowers and pomegranates,,,,,He|the nostrils,,,
491,odor,Marinette ' s,so pleasant,,,,He,,,
492,,,,,,,,,,
493,smelling,garlands|of the floral nectar,sweetly,,,,I,,,
494,smelled,few|them,,,,,She,,,
495,smell|smell,of incense being|being,flowery,,,,She|she,,being|being burned,
496,smelled,the flowers,,,exactly like when mortals made offerings to the Olympians and burned incense,,,,,
497,smell,It,,,,,,,,
498,scent,the pile of flesh|its,putrefying,,,the room,,,,
499,scent,Bitterness,strange sweetness,,,,God,,,
500,scent,it|its,,,,,,,,carries painful memories for me
501,slurs,,,,,,they,,,
502,scent,of rotten leaves|produce,,air,,,,,,
503,,,,,,,,,,
504,breath|scented|scented,blossom -|air,scented|scented,,,,She,,,
505,scent,of blooming poppies,vague,,,,,,,
506,smell,of charged air and wetness,,,,,from|from the|the men|men in the ships below,,,"accompanied by the confused , alarmed cries from|from the|the men|men"
507,scented|scented,power,metallic - scented|scented,,,,,,,
508,smell,of blood,heavy,on the air,,at the end of the main hall,She,,,
509,scent,of fresh wind and earth,,,,,she,,,
510,smelled|smelled,The Lethe|Hypnos,faintly,,like mist from a waterfall|of the blood from the Pool of Styx,,,,,
511,,,,,,,,,,
512,smell,Sarpedon|that,right,,,,,,,
513,smell,Someone,,,like a plebeian,,,,,
514,smell,It,so good,,,,,,,
515,whiff,it,ginger,,,,,,,
516,smell,of mint and hyacinth,overwhelming|sickly - sweet,,,,He,,,
517,Sniffed,,,the air,,,,,,
518,,,,,,,,,,
519,,,,,,,,,,
520,,,,,,,,,,
521,,,,,,,,,,
522,,,,,,,,,,
523,,,,,,,,,,
524,smell|smell,,pleasant|pleasant,,like the pleasant|pleasant smell|smell of flower carts and cafe pastries from above,,,,,
525,smell,of iron,,The|The|in the air,,The|The room,I,,,
526,smell,empanadas,,,,from the hallway to the,,,,made my stomach lurch forward craving food
527,smell,of your favorite dinner,,,,,,,,
528,smell,of burning meat,,the,,,my,,,
529,,,,,,,,,,
530,,,,,,,,,,
531,,,,,,,,,,
532,,,,,,,,,,
533,,,,,,,,,,
534,,,,,,,,,,
535,,,,,,,,,,
536,,,,,,,,,,
537,smell,,,,,,Sekhmet ',,,
538,scent,of salt,,,,,,,,
539,smell,of|of salt,stronger,the air,of|of,,,,,
540,scent,of burning grain,smoky,,,,,,,lures Hecate forward to the fire
541,scent,of mint,,the air,,,,,as sprigs are crushed beneath their feet,
542,smell,burning grain,,,,,Hecate,,,
543,,,,,,,,,,
544,smelly|smelly,,smelly|smelly,,,,,,,
545,smell,newborn,,,,,we,,,
546,stank,they|of mortality|demigods,,,,,You,,,
547,,,,,,,,,,
548,smell,the soil and vines,,,,,one,,,
549,,,,,,,,,,
550,,,,,,,,,,
551,,,,,,,,,,
552,scent,honey|honey -,crisp|honey|honey|golden,,,,She,,,
553,scent,sunlight|apple -,,,,,,,,
554,smelled|scents,The meadow|of nectar and wine|roasted meat|fresh fruits,green|wild,,,,,,,
555,smelled|scents|scents,,so many earthly|ethereal|mortal|so heavy,,,,he,,,
556,scents,,pure mortal,,,,him,,,
557,fragrant|fragrant,power|ambrosia,fragrant|fragrant,,,,,,,
558,smell,of ichor,sharp,in the air,,,,,,Hades felt his insides turn
559,,,,,,,,,,
560,,,,,,,,,,
561,,,,,,,,,,
562,,,,,,,,,,
563,smells,,,,like strawberries and honey,,,,,
564,reeked,a|a child|child '|' s|s chess|chess game|game,,,a|a child|child '|' s|s chess|chess game|game,,,,,
565,,,,,,,,,,
566,smell,the smoke,,,,,I|I,,,
567,,,,,,,,,,
568,perfume,flowers,,,like,,,,,
569,smelled,The robes,,,of the deep woods,,,,,
570,smell,of sulfur,perpetual,,,,,,,
571,scent,her,,,,,,,,
572,,,,,,,,,,
573,smell,of rain|of lightning,,The air,,,,,,
574,,,,,,,,,,
575,scent,of home,achingly familiar,,,,,,after a long trip,
576,scent,of flowers,,,,,my|my,,,lifting my|my spirits
577,smell,,,in the air,,,,,,
578,,,,,,,,,,
579,,,,,,,,,,
580,,,,,,,,,,
581,scent,of his new flesh,,,,,,,,
582,,,,,,,,,,
583,reeking,Zeus|of,,,,,,,,
584,inhale|scent,of her body,,,,,,,,
585,scent,He,the oddest|earthy|musty,,,,,,,
586,smell,of sweat,spicy,in the air,,,,,,
587,scent,his,,,,,,,,
588,smell,of my nectar,,,,,,,,
589,,,,,,,,,,
590,,,,,,,,,,
591,smell,of burnt incense,,,,,,,,
592,breath,,whispered,,,,,,,
593,smell,of cedar,,,,,I,,,
594,,,,,,,,,,
595,smell,it,,,,,I,At random moments,,
596,,,,,,,,,,
597,,,,,,,,,,
598,,,,,,,,,,
599,scent,of flowers and drops of the river,sweet syrupy,,,,Apollo,,,
600,,,,,,,,,,
601,,,,,,,,,,
602,,,,,,,,,,
603,smell,the smoke,,,,,Alice|her,now,,
604,,,,,,,,,,
605,,,,,,,,,,
606,smelled|smell|smell,of rotten eggs,unpleasant|putrid,The air,like Gotham ' s usually,,,,,
607,smell,of sulfur,,,,everything,Dick|Dick,,,making Dick|Dick wrinkle his nose
608,stank,the plants|they,,,,,,,,
609,smell,her,,,,,he,,,he was even more revolted
610,breath smelled,Her,,,like rotten plants and sour air,,he,,,
611,smelled,He,nasty,,,,,,,
612,smelled,smoke,,,,,Dick,,,
613,smelled,It,,,like stale pizza and old spice,,,,,
614,smelled|smelled,it|it,sweaty|sweet,,like Grayson always did|like sugar,,He,,,
615,scent,of private information,,,,,He,,,turned into a sixteen year old high school girl
616,smelled|scent,The woman,,,like Si by Armani,,,,,Donna had always secretly loved
617,smelled,the building,,,like fresh paint,,,earlier in the year,,
618,smelled,It,,,,,,,,
619,smelled,the|the air,foul,the|the,like rotting corpses,,,,,
620,scents,,the freshest,,,,him,,,
621,smells,their sweat,acrid,,,,,,,
622,smells,the,,,,,He|he,,,
623,scents,their|their,,,,,,,,
624,smell,of the car,comforting,,,,,,,
625,smelled,It,,,like coffee and old cigarettes|like|like going to math competitions|like,,,,,
626,sniffed,,,,,,,,,hit with three billion different sensations
627,sniffing,,,,,,Dick,,,
628,smelled,it,,,,"in the dark , lonely apartment",She,,,
629,smelled,it,,,"like rotting meat , livestock and unbathed skin",,,,,
630,smelled,It,,,like,,,,,
631,Smells,,good,,,,He|the butler,,,
632,,,,,,,,,,
633,smelled,of|him,,,,,me,,,
634,smell,of ash,,,,,,,,
635,scent,,,,,,The boy|an olive merchant,,,
636,fragrant|fragrant,,fresh|fragrant|fragrant,air,,of the garden,,,,
637,smell,of wet earth,,,,,his,,,
638,smell,of blood,,,,,,,,
639,smell,of flesh and blood,,,,,,,,
640,smells,,,,,,He,,,
641,scent,of the sea,,,,,he,,,
642,smell,,excruciating,,,,,,,
643,nose|smell,,foul,,,,He|his,,,
644,smell,anything,,,,,souls|He,,,
645,,,,,,,,,,
646,,,,,,,,,,
647,,,,,,,,,,
648,,,,,,,,,,
649,,,,,,,,,,
650,,,,,,,,,,
651,,,,,,,,,,
652,,,,,,,,,,
653,,,,,,,,,,
654,smell,the brine of the sea,,,,,he,,,
655,smell,the sea salt,,,,,Patroclus,,,
656,scent,of sweat|something,sweet,,,,he,,,
657,smell,Fish,,,,over,his|his,,,made his|his stomach turn
658,smell,a cup of wine,,,,from a nearby table,Patroclus,,,to dissipate
659,scent,of iron,heavy,,,,him,,,
660,smell,of blood,coppery,,,the tent,they,,,
661,smell,of blood|of arrows and spears,,,,,,,,
662,smell|perfume,her,sweet,,,,around his,,,
663,scented|scented,streaming water,scented|scented,,,,him,,,
664,scented|scented,oils,scented|scented,,,,,,,
665,scent,of fresh blood,heavy,,,,,,,made him a bit nauseous
666,reek,You|blasphemy,,,of,,,,,
667,scent,,sweet,,,,,,,
668,scent,of sex,,them,,,,,,
669,smell,Patroclus|of metallic,heavy,,,,him,,,
670,scent,of blood,too much,,,,,,,
671,scent,his,,,,,Achilles,,,
672,scent,of metal,heavy,,,,him,when he entered,,
673,smelled,Alexander,soft,,like warm sunshine and milk and honey,,,,,
674,smelling,garlands|of the floral nectar,sweetly,,,,I,,,
675,aroma,of smoke,faint,,,from the candles,,,,
676,scent,of my heat,,,,,,,,
677,,,,,,,,,,
678,sniffing,Cerberus,,,,,Cerberus,,,
679,smell,of bacon,,,,,He,,,
680,smelling|smelling,bacon,delicious smelling|smelling,,,,,,,
681,,,,,,,,,,
682,smells,the hoodie,,,like Yeosang,,,,,
683,,,,,,,,,,
684,,,,,,,,,,
685,putrid|putrid,,putrid|putrid,,,,,,,
686,fragrant|fragrant,jasmine plants,fragrant|fragrant,,,her part of the forest,,at night,,
687,smelled,of|of sea salt|thick cut grass,faintly,the wind,of|of,on Krypton,,,,
688,smells|stench,Kara|of|of fear,unmistakable,,of|of,,,,,
689,smell|stench,of vanilla pipe tobacco|of old whiskey,strong,,,,Her senses,,,
690,smell,,heavy Earthy,,,,She,,,chases away the warmth
691,smells,of the sweet fruits,,,,,,,when they ripen,
692,smell,of the dirt|the golden rays of the sun,rich,,,,,on her darkest days,,to make Kara ' s entire being burst with happiness
693,scent,her,godly,,,,Kara,,,
694,smells,She|of|of divine secrets|deep earth,strongly,,of|of,,,,,
695,smell,of ash,faint,in the air,,On Krypton,,,,
696,smell,of his musky cologne,,,,,,,,
697,smell,of Earth,,,,,,,,
698,It,,faint|unmistakable,,,,,at first,,
699,sniffing,,,,,,,,,smiles away the feelings
700,smell,Lena|of Earth|the faint,musky,,,,,,,Kara ' s lungs to capacity
701,smells|stench,the bottle|of|of something decidedly,unmistakable sour,,of|of,on the table by,,,,
702,smell,pine|oak|oak,strong|oak|oak,,,,,,,
703,smell|scents,metal flowers|their,,,,,Kara,,,
704,fetid|fetid,water,fetid|fetid,,,,,,,
705,smell,grass and water|fresh dirt|from several patches of colorful flowers,sweet,,,,She,,,
706,smell|intoxicating|intoxicating,of|combination of ripe fruit|deep rivers|rich layers of Earth,intoxicating|intoxicating|so very Lena,,,The chambers,,,,that it takes everything in Kara ' s power not to crumble at her feet
707,aroma,of|of a|a mellow|mellow medium|medium brew|brew,heavenly,,of|of a|a mellow|mellow medium|medium brew|brew,,She|her,,,
708,scent,of cinnamon and sugar,,,,,she,,,
709,smells,several churros|an extra bag of something else,equally as inviting,,,,,,,
710,It|smell|stench,of fear,,,,,she|her,,,makes her laugh under her breath
711,aroma,The flowers,distinctly citrus,,,,,,,
712,scents,,fruity floral|so strong,,,,you|you,,,you|you can taste them
713,reeks,He,,,of,,,,,
714,smell,of his wine - laden breath,the staleness,,,,She,,,
715,scents,of sea salt|cedarwood|all things Lena,,,,,,,,
716,,,,,,,,,,
717,fragrant|fragrant,eggs,fragrant|fragrant,,,,,,,
718,sniff,,,,,,The colts,,,
719,perfume|perfume,,,,like a flowery perfume|perfume,,,,,
720,breath|scent,Bucky|his,intoxicating,,,,,,,
721,,,,,,,,,,
722,smell|scenting,She|of honeysuckles|daffodils,divine,,,,,,,
723,smelled,She,,,like oil paint and fresh flowers,,,,,
724,,,,,,,,,,
725,scent,her,,,,,,,,
726,smelled,She|of|of pine|pine|ocean|ocean water|water|sunshine,,,of|of pine|pine trees and ocean|ocean water|water,,,,,
727,,,,,,,,,,
728,smelled,wine,,,,,you,,,
729,smelled,the|it,,,,,He,,,
730,smell,,,,,,Sirius|the thirteen followers|him|he|him,,,
731,sent|scents,it,one|the only,,,in this twisting labyrinth,,,,
732,smell,,stronger,,,,Sirius,,,
733,smelly|smelly,,smelly|smelly,,,,,,,
734,inhaling|scent,her,warm|sweet,,,,He,,,
735,smell,the,,,,,He,,,
736,,,,,,,,,,
737,smell,of lavender,,,,,,,,
738,smelling,of fire,,,,,I,,,
739,aroma,,,,,,I,,,
740,,,,,,,,,,
741,,,,,,,,,,
742,,,,,,,,,,
743,smell,of food,,,,,,,,I release a relieved sigh
744,smell,the rot,,,,in the ground,you,,,
745,smell,of piss,acrid,,,,his,,,
746,smell,the,,in the air,,,He,,,
747,,,,,,,,,,
748,,,,,,,,,,
749,smell,of ichor,,,,her|her den,her|her,,,
750,stench,from cigarettes|of alcohol,,,,,,,,
751,smelled|stench,He|of cigarettes|despair,,,,,his,,,
752,scent,of my skin,,on the night air,,,,,,
753,,,,,,,,,,
754,,,,,,,,,,
755,,,,,,,,,,
756,,,,,,,,,,
757,,,,,,,,,,
758,scent,Stiles ',,,,,he,,,
759,smell,,,,,,his|he,,,
760,scent|smelled|scent,of anyone,natural,,,,I|you,,,
761,stink|smell,it|of death,eternal,,,,you,every|now,,
762,smell,of her attacker ' s burning body,,,,,,,,
763,sniff,people,,,,in forbidden places,,,,
764,smell,,cold,,,,he,,,
765,scent,their,,,,,,,,
766,smell,the|the wind|wind,,the|the wind|wind,,,he,,,
767,scent,of people,fresh,,,from that direction,,,,
768,scent,,strong,,,,,,,
769,stank,with trash,,,,The alley,,,,
770,scent,his,,,,,,,,
771,smell,,,,,,The Deities,,,
772,smell,,burnt,,,,,,,
773,smelled,,happy|calm,,,,you|you|to them,,,
774,scent,your,,,,,the,,,
775,aroma,of the burned leaves,,the shirt,,,He|him,,,
776,scent,,nice,the air,,,he,,,
777,scent,of those burnt leaves,,,,,he,,,
778,smelt|stench,,the least,,,The room|in the corridor,him,,,more sick and chocked
779,scent,,,,,,his,,,
780,scent,his,,,,,,,,
781,sniffing,it,,,,,It,,,
782,scenting,,,the air,,,,,,
783,smell,you,,,,,I,when,,
784,smell|nostrils|sniffing,you|Stiles,antisocial,,,,' s,,,
785,scent,,natural,on,,,you,,,
786,scent,,,,,the facility,He,,,
787,smell,he,,,like earth or the woods,,,,,
788,scent|smell,,rainforest,,,,you,,,
789,smell,of fire,,,,,,,,
790,smelled|scent,',,,,,He,,,let himself melt into the
791,stinks,It,,,,in here,,,,
792,smelling,feelings,calming,,,,,,,
793,smell,you|of|tension,,,,,,at any given moment,,
794,scent,,,,,,the horses|the|the Boar,,,that attracts the|the
795,sniff,of the liquid,,,,,,,,to make him want to puke
796,scent,,,,,,he,,,
797,smelled,he,,,,,the Deputies,,,
798,stench,,as effective,,as skunks ' spray,,,for,,
799,aroma,,very,,,,,,,
800,smell,you,,,like that,,,,,
801,smell|smell,,,,,,,,,
802,stench,,heavier|almost to an unbearable extent,,,,they,,,
803,smell,,,,,,they|they,,,
804,smelly|smelly|stench,,smelly|smelly|other,,,,he|the pack,,,
805,smell,Scott ' s,,,,,I,since I came,,
806,scent marks,,,,,,,,,
807,scent|reeking,of sweat|of blood|fallen|of,,,,the woods,,,,
808,smell,its,,,,,,,,
809,smell,Your emotions,,,like shit,,,,,
810,stinky|stinky,,stinky|stinky,,,,,,,
811,scent,,,,,at Deaton ' s clinic,,,,
812,scent,Mother ' s,,,,,he|his,during that period,,
813,sniff|stinky|stinky,,stinky|stinky,,,,,,,
814,smell,of Derek cooking,,,,downstairs,he|he,,,
815,scent,"of stressed , terrified Betas",,the air,,in the downtown,their Alpha,,,
816,smells,,,,,in the room,,,,gave him a serious headache
817,smelled,she,,,she,,,,,
818,smell,,distinct,,,,,,,
819,smell,it,,,,,I,,,
820,stench,,terrible,,,,,,,
821,Smelling,,worse,,than a man,,,,,
822,stank,Irony,,,,,,,,
823,smelled,you,worse,,than,,,,,
824,scent,of blood,,,,,',,,washing away the momentary freshness with a familiar ache
825,smelling,it,,,,,him,,,
826,scent,of the dry strains,,,,,he,,,
827,smells,,other|as terrible,,like that of his own sweat,,he,,when they used Derek ' s car,
828,sniffing,,,the air,,,he,,,
829,smell,of paper,almost as good,,as fresh air of a forest assembled,,he,,,reached all the way into Stiles ' lungs|did things to his geeky mind
830,smell,Father ' s,,,,,Stiles|his,,,
831,scent,,familiar,,,,its,,,
832,scent,,relatively fresh,,,from the very steps of our old house|there,,,,
833,smell,his|him,,,,,He,,,
834,scent,of lust,heavy,,,,him|he,,,
835,smell,Her|her,terrific,,,,,,,
836,scent,of his emotions,,,,,,,,
837,smells,he,,,,,,,,
838,nose|sniff|scent,their,united,,,,his,,,
839,smell|proofed,,,them,,,,,,
840,scent,of my sadness|the salt from the popcorn,,,,,,,,
841,scent,of burning pine wood,,,,,She,,,
842,,,,,,,,,,
843,,,,,,,,,,
844,smell,him,faintly,,,,I,,,
845,smell,it|it,,on,,,I,,,
846,scent,her,tainted,,,the entire room,,by this point,,
847,scent,him,,,,,,,,
848,scent,her,,,,,,,,
849,scent,,,,,,I,,,
850,smell,him,faintly,,,,I,,,
851,,,,,,,,,,
852,,,,,,,,,,
853,,,,,,,,,,
854,,,,,,,,,,
855,smell,You,,,as if you had fun yourself,,,,,
856,,,,,,,,,,
857,,,,,,,,,,
858,smells,molded water,horrid,,,in the basement,I|I,,,
859,,,,,,,,,,
860,scent,She|pine|her,,,,,,,,
861,smelling|it,the forest,,,,,He,,,growing intoxicated
862,,,,,,,,,,
863,,,,,,,,,,
864,,,,,,,,,,
865,smelling,of cinnamon|fresh air,,,,,,,,
866,sniffed|scent,my,,,,,He,,,
867,smells,Hephaestus,,,like forged fire,,,,,
868,smell,Mama,floral,,like island lilies,,,,,
869,,,,,,,,,,
870,,,,,,,,,,
871,,,,,,,,,,
872,,,,,,,,,,
873,,,,,,,,,,
874,,,,,,,,,,
875,,,,,,,,,,
876,,,,,,,,,,
877,,,,,,,,,,
878,,,,,,,,,,
879,fragrances,them|their,sweet,,,,I,,,
880,scent,of spices,wafting,,,to the garden,me,,,
881,smell,them,,,,,I,,,
882,,,,,,,,,,
883,,,,,,,,,,
884,,,,,,,,,,
885,,,,,,,,,,
886,,,,,,,,,,
887,smelt,the smoke,,,,,I|I,,,
888,smell,the smoke,,,,,I|in my,to this,,
889,smell,of the slaughtered bull,heavy,,,on the altar,,,,
890,smell,of death,,in the night air,,,,,,made her wary|made her stomach lurch
891,,,,,,,,,,
892,scent,,sweet|boozy,,,all around,,,,
893,perfume,makeup,,,,,,,,
894,smell,the earth,,,,,they,,,
895,,,,,,,,,,
896,,,,,,,,,,
897,aroma,,,,,from the,,,,
898,,,,,,,,,,
899,,,,,,,,,,
900,,,,,,,,,,
901,,,,,,,,,,
902,,,,,,,,,,
903,perfumed|perfumed|scent,of night - blooming flowers,perfumed|perfumed,the air,,,,,,
904,It|smell,,both sweet|acid,,,,,,,
905,,,,,,,,,,
906,sniff,the thing,,,,,He,,,
907,smell,a,,,,,the satyr ' s,,,
908,,,,,,,,,,
909,,,,,,,,,,
910,smelly|smelly,,smelly|smelly,,,,,,,
911,smell,her snakes|him,,,,,He|he,,,
912,,,,,,,,,,
913,,,,,,,,,,
914,,,,,,,,,,
915,smells,Iphis|bread|starch,,,,,,,,
916,smells,The cloth,,,of Ianthe,,,,,
917,,,,,,,,,,
918,,,,,,,,,,
919,,,,,,,,,,
920,,,,,,,,,,
921,,,,,,,,,,
922,,,,,,,,,,
923,smelling,Allison,,,,,the wolves,these,,
924,,,,,,,,,,
925,smell,the wine,strong,,,,Ganymede,,,
926,scented,,,,,,his,,,
927,scent,of semen,,,,,in Ganymede ' s nose,,,
928,It|intoxicating|intoxicating,,intoxicating|intoxicating,,,,,,,
929,breathed|scent,Ganymede ' s,,,,,He,,,
930,smelly|smelly,He,revolting|smelly|smelly,,,,,,,
931,stank,they,,they,,,,,,
932,smell|scent,of food served,delicious,,,in Alfie ' s restaurant,Castiel,,,
933,smell,of food|food,,,,,Castiel|he|he,,,
934,scent,of Dean ' s shampoo|body wash,,,,all around,Castiel,,,
935,smell,the liquor,,,,,Castiel,,,
936,sniffed,,,,,,,,,which incited Castiel ' s self - consciousness
937,sniff,Castiel ' s,,,,,Dean,,,
938,smelled,him,,,,,Dean|Castiel,,,
939,smell,You,so good,,,,,,,
940,smell,their,,,,,,,,it made Castiel ' s eyes roll at the back of his head
941,smelt,It,,,like thick manly musk and whiskey,,,,,
942,smell,dust|blood,,,,,he,,,
943,chilling|chilling,,chilling|chilling,,,,,,,
944,sniffed,,,,,,He,,,before closing his eyes to chase sleep
945,smell,soup,,,,,Castiel ' s senses,,,
946,scent,his,,,,,,,,
947,scent,his,,,,,The man,,,
948,smelt,the musk,,,,,Castiel,,,which made his mouth water
949,scent,Castiel ' s,,,,,He,,,which aroused Castiel even more .
950,,,,,,,,,,
951,smell,,flowery,,,,to,,,that incites him to
952,smell,of each other,intoxication,,,,,,,drives them insane
953,smells,everything,,,,,,,,
954,smells,,,,,,he,,,
955,scent,,strong|strong,,,,,,,to give Harry a small headache
956,scent,,absolutely intoxicating,,,,,now,,
957,smell,of sea and ocean,,in the air,,,,,,that makes Harry feel a little bit sick
958,stench,of rot,perpetual,,,the area,,,,making it hard to breathe
959,smell,,overpowering,,,,,,,
960,smells,she,,,like a cross between a forest and the Mediterranean breeze,,,,,
961,,,,,,,,,,
962,aroma,,divine,,,,the member,,,
963,smell,of his cock,magical,,,,,,,turned the fear in her gut into something bittersweet|then into a painful need|then into a burning desire
964,,,,,,,,,,
965,,,,,,,,,,
966,,,,,,,,,,
967,,,,,,,,,,
968,,,,,,,,,,
969,,,,,,,,,,
970,,,,,,,,,,
971,,,,,,,,,,
972,smells,It,sweet,,like honey|not honey,,,,,
973,aromatic|aromatic,,aromatic|aromatic,oils,,,,,,
974,,,,,,,,,,
975,smells,the incense,,,,the room,He,,,
976,smell,of eucalyptus,,,,,He,,,he immediately relaxes|has the same affect on
977,,,,,,,,,,
978,stinking|stinking,flesh,stinking|stinking,,,,,,,
979,stinking,him|of|of,,,of|of wine and salt,,I,,,
980,,,,,,,,,,
981,stench,,,,,from its,he|he|his,,,
982,stench,of the bear ' s gore and fur,,,,,,,,
983,fragrant|fragrant,The pomegranate,fragrant|fragrant,,,,,,,
984,stinking,a bear ' s carcass,,,,,She,,,
985,,,,,,,,,,
986,,,,,,,,,,
987,inhaled|scent,her,,,,,He,,,
988,fragrant|fragrant,brew,fragrant|fragrant,,,,,,,
989,inhaled|scent,of cherries|of vanilla,,the mug,,,,,,
990,smell|scent,of cherries,sweet,,,,She,,,
991,scent,,,,,,his|he,,,
992,stench,of charred flesh,,,,,his,,,
993,smelled|stench,of burning wood|of charred flesh,,,,,She,,,
994,inhaled|scent,her,soft,,,,He,,,
995,,,,,,,,,,
996,,,,,,,,,,
997,,,,,,,,,,
998,perfume,their blood|of copper gore,,,,,,,,
999,scented|scented|smell,her|neck|she|of flowers and sunlight,sweet scented|scented|faint,,,,,,,
1000,vibe,,,,,,,,,it excites him
1001,scent,,unknown|tingly,,,,He,,,
1002,perfumed|perfumed,flowers,perfumed|perfumed,,,,,,,
1003,smell,of salt and sand|wind,,,,,,,when they shook hands,
1004,smells,,,the warm breeze,like home,,,,,
1005,scented|scented,oil,sweet - scented|scented,,,,,,,
1006,scent,of straw,,,,,her,,,
1007,smell|stench,It|winter - dried straw|of animals|shit|sweat|milky sweetness,warm|life - heavy|sharp,,of,,,,,
1008,stench,sun - rotten corpses|shit|vomit,,,,,their,,,
1009,stench,of charred flesh|skin|clothing|hair,,,,across the city,,,,
1010,,,,,,,,,,
1011,smells,It,consistently,,of smoke and spilled alcohol,,,,,
1012,smells,She,strongly|beautiful,,of whiskey,,,,,
1013,,,,,,,,,,
1014,,,,,,,,,,
1015,smelled,he,absolutely awful,,,,,,,
1016,smelled|smells,it,bad|beautiful,,like|of nature,,,,,
1017,smelled,Pan|of roses,,,,,,,,
1018,smelling|smelling,,sweet - smelling|smelling,,,in her witch ' s pot,,,,
1019,,,,,,,,,,
1020,,,,,,,,,,
1021,,,,,,,,,,
1022,,,,,,,,,,
1023,smell,her,,,,,He,,,
1024,scent,her,,,,,He,,,
1025,smell,him,dank|musty|unpleasant,,,,She,,,
1026,sniffing|scent,her,,,,,He|his bovine,,,
1027,smell,of your skin,,,,,I,,,
1028,smell,of it,,,,,,,,
1029,scents,of power,,The air,,,,,,
1030,,,,,,,,,,
1031,reek,eyes|hands|of sweat,,,,,,,,
1032,smelled,a plate of bread,,,,,she,,,
1033,,,,,,,,,,
1034,,,,,,,,,,
1035,smelled,She|of water|of|of the|the cold|cold deep|deep still|still water of the,,,of|of the|the cold|cold deep|deep still|still,,,,,
1036,smelled|scent,She|of|of,,,,,,,,
1037,,,,,,,,,,
1038,smell,the vomit,,,,on the floor,He,,,
1039,,,,,,,,,,
1040,,,,,,,,,,
1041,,,,,,,,,,
1042,scent,of grapes,,,,,,,,
1043,scented|scented,,sweet scented|scented,,,,I,,,
1044,smelled,of dog|horse,,in his cloak,,,I,,,
1045,smell|smelled,cold|this placed,cold,,,,,,,
1046,smelled|perfume,its,heavy,on,,,I,,,
1047,perfume,of my wild red rose .,,,,,I,,,
1048,smell,of his heat,,,,,,,,
1049,,,,,,,,,,
1050,smell|sulfurous|sulfurous|breath,it|its,sulfurous|sulfurous|sibilant,the,,,He,,,raising goosebumps
1051,scent,of honeysuckle and roses,,the air,,,,,,
1052,stench,of burning rubber,,,,the interior,,,,
1053,perfume|scent,of honeysuckle|of roses,sweet|heady,the night air,,,,,,
1054,putrid|putrid,,putrid|putrid,,,,,,,
1055,,,,,,,,,,
1056,,,,,,,,,,
1057,stink,,incredible,"In the warm , soft air",,,,,,assaulting any who might wish to loot
1058,scents|smell,,,,,along the streets|the southern gate in the citadel wall,Zeus|he,,,
1059,sludge,it,stinking,,,,,,,
1060,smelling|smelling|gilded|gilded,of Olympos,sweet|smelling|smelling|gilded|gilded,air,,,,,,
1061,stinking|stinking|fouled|fouled,,stinking|stinking|distress - fouled|fouled,,,,,,,
1062,,,,,,,,,,
1063,scented|scented,,sweet|scented|scented,air,,,,,,
1064,smell,"the night , drying grass|the dead body",,,,,He|he,,,
1065,smell|perfumed|perfumed,Kassandra|of sweat|seasalt breeze|unguents,perfumed|perfumed,,,,,,,
1066,smell,The dead|of life,,,,,,,,
1067,,,,,,,,,,
1068,,,,,,,,,,
1069,scent,,very light almond,,,,I,,,
1070,scent,his,almond,,,,I,,,
1071,smell,a bottle of bathing oil,light|delicious flowery,,,,,,,
1072,smell,the bread,tempting,,,,I,,,
1073,smell,of the deep forest,different,,,,I,,from my simple walks in the woods,
1074,smell,of laurel,familiar,,,on Apollo ' s,me|me|I|I,,burnt,reminded me|me of|and for a moment I|I felt deeply saddened
1075,scented|scented,wine,scented|scented,,,,,,,
1076,,,,,,,,,,
1077,smelling|smelling,flowers,sweet - smelling|smelling,,,,,,,
1078,stench,of blood,,,,,,,,
1079,scent,her perfumes|oils,intoxicating|overwhelming,,,,,,,
1080,smells,She|of roses|salt air,sweet,,,,,,,
1081,intoxicating|intoxicating|scent,She|of her,intoxicating|intoxicating|alluring,,,,,,,
1082,scent,of her,sweet,,,,he,,,swathing him as he tries in vain to chase sleep
1083,fragrant|fragrant,flowers|fields|ships,fragrant|fragrant,,,,,,,
1084,perfume,,sweet,,,,,,,
1085,,,,,,,,,,
1086,stinking,of wine,,,,,He,,,
1087,scent,of fear,,,,the room,,,,
1088,reeking,of blood,,,,,,,,
1089,smells,of meat being cooked,,,,,,,,
1090,stench,of burnt blood,,,,,him|him,,,made him|him gag a little .
1091,scenting|scenting,saltwater,scenting|scenting,,,,Patroclus,,,
1092,scent,of blood,cloying|heavy,,,the tent,he,,,with a touch of death that hung over everything .
1093,smell,of food|the laughter,,,,,Achilles,,,
1094,reeked,he|of sweat,,,,,Achilles,,,
1095,scent,of blood,acrid,the air,,,,,,
1096,smell,of freshly cooked meat,,,,the tent,,,,
1097,smell,nothing burning,,,,,He,,,
1098,scent,of iron,heavier,,,,,,,
1099,smelled,the meat,too wonderful,,,,,,,for his grumbling stomach to ignore
1100,scent,its,cloying metallic,the air,,,,,,
1101,smelling,of blood and guts|Patroclus,,,,,him|him,,,
1102,reeking,of Death,,,,,him,,,
1103,scent,of blood and death,cloying,,,,,,,
1104,scent,of blood and scorched earth,faint lingering,,,,Patroclus|he,,,
1105,smell,,,,,,his|he,,,that promised a warm and hearty meal
1106,Smells,,good,,,,he,,,
1107,breath|reeked,of|of,foul,,of|of,,,,,
1108,smell,,,,,,His,,,
1109,scent,his|rosemary|sage,familiar,,,,,,,
1110,scent,of safety,,,,,,,,
1111,reeked|scents,of rot,other foul,,,The medical tent,,,,
1112,scent,of burning flesh,too familiar,the,,,,,,
1113,smell|scent,of bodies being burned,acrid,,,,,,,
1114,cloying|cloying,of blood,cloying|cloying richness,,,,his,,,
1115,Inhaling|scent,,sweet,,,,,,,
1116,smell,Alex,,,,,,,when he carried,
1117,smell|scent,of sweat|of blood and wet bile,thick coppery,,,,,,,
1118,smelling,of herbs,,a cloth,,,he|Machon|to his,,,
1119,scent,of dark smoke|of metal,,in the air,,,He,,,
1120,smell|smelling,of food,rich|hearty,,,,him,sometime later,,
1121,scent,of blood,,,,,,,,had him gagging
1122,smell|reeked,of it|it,fresh,,of,,,,,
1123,smell,of smoke,,,,,,,,
1124,smell,of smoke,,,,,they,In the haze of morning,,
1125,scent,of old blood,,to the armor,,,,,no matter how it was scrubbed and polished,
1126,reeking,Crimson|of decay,,,,,him,,,
1127,smell,the corpse of|of rot,,in a shroud,,,,,,
1128,stench,of rot and metal,,,,,,,,
1129,smell,of charring fleshing|screams|ash,,The wind,,,,,,
1130,smell,of blood,coppery,,,from his papa ' s burning pyre,,,,
1131,scent,of death,,,,,,,,
1132,smell,of smoke,so much worse,,,,his,,,
1133,scent,of blood and sex,heavy,in the air,,,Achilles,,,
1134,,,,,,,,,,
1135,,,,,,,,,,
1136,,,,,,,,,,
1137,,,,,,,,,,
1138,,,,,,,,,,
1139,,,,,,,,,,
1140,,,,,,,,,,
1141,,,,,,,,,,
1142,,,,,,,,,,
1143,,,,,,,,,,
1144,,,,,,,,,,
1145,,,,,,,,,,
1146,,,,,,,,,,
1147,,,,,,,,,,
1148,,,,,,,,,,
1149,,,,,,,,,,
1150,,,,,,,,,,
1151,smelling|smelling fumes|fumes,,foul - smelling|smelling,fumes|fumes,,from,,,,
1152,smelling|smelling,mixture,foul - smelling|smelling,,,,,,,
1153,smell,the bones|whatever,,,like food,,to Atalanta,,,
1154,smelling,ingredients,very unpleasant,,,,,,,
1155,scent,her,,,,,,,,
1156,reek,his,,,,,,,,made her want to retch
1157,breath|stench,his,foul,into the air,,,him|he,,,
1158,smelled,he,horrible,,,,,,,
1159,scent,blood|of Aiakos|Peleus|hints,unmistakable,,,,,,,
1160,smelled,it,,,like Papa,,,,,
1161,smelled,,strangely,,,The chamber,,,,
1162,smell|smell,incense,earthy,,,,,,,
1163,smell,incense,,,,around the edges of the room,her|her|she|she,,As her|her eyes adjusted to the low light,
1164,stink,of|of blood|blood,,,of|of blood|blood and death,,,,,
1165,smell,of roasted meat,succulent,,,,she,When,,
1166,stink,of so many two - week - old corpses,stifling,,,,,,,
1167,smell,,musty|stale,to the air,,,,,,
1168,,,,,,,,,,
1169,,,,,,,,,,
1170,smell,the smoke,,,,,Alice|her,now,,
1171,,,,,,,,,,
1172,,,,,,,,,,
1173,,,,,,,,,,
1174,,,,,,,,,,
1175,smell,of almonds and earth,,,,,I|my|my,,,the excruciating pain filling my|my senses
1176,,,,,,,,,,
1177,,,,,,,,,,
1178,,,,,,,,,,
1179,,,,,,,,,,
1180,,,,,,,,,,
1181,,,,,,,,,,
1182,smell,blood|its,,,,,,,,turning Helenus ' stomach
1183,smell,,insufferable,,,,Helenus,,,
1184,smell,the burnt bodies,,,,,He|he,,,
1185,smell,,,,,,,,,For a moment|made him intensely sick
1186,scent,his basil plants|their,,,,,Helenus,,,
1187,smell,,,,,,He|he|he,,,
1188,,,,,,,,,,
1189,scent,of blooming myrtle from the plant,distant,,,,Menelaos|his,,,
1190,smell,nothing,,,,,Menelaos|he,,,
1191,scent,Helen ' s,,,,,,,,
1192,scent,that,,,,,,,,
1193,smell,A beta,,,,,,,,
1194,smelled,Alexander|this|he,,,,,,,,
1195,scent|scents,of myrtle|Helen|Alexander ' s,familiar|longed for,,,,he,,,
1196,scent,the mountain meadow|pine sap,,,,,his,,,
1197,scent,of myrtle and roses,,,,,Menelaos|Menelaos,,,that|Menelaos|Menelaos jerked awake
1198,smell,her,,,,,He,,,
1199,scent|smelled,Helen ' s|nothing,,the air,,,he,,even with the door still open,
1200,scent|smelled,of warm pine|he,Faint,,of,,,,,
1201,scent,her,insistent,,,,,,,
1202,scenting|scenting|scent|smelled,Helen ' s|Alexander,scenting|scenting|thickening,,like he should,,Menelaos,,,
1203,scent,her,rising,,,,,,,
1204,scent,Helen ' s,so thick,,,,Menelaos,,,it was as if one could bite down and actually chew it
1205,nose|smell|scent,he,alpha,,like clean beta|a quiet promise of summer - warmed grass,,his|he,,,
1206,scent,',,,,,,,,
1207,scent,,,,,,,,during ruts,"she was achingly , awfully hard"
1208,smell|scent,her own thick musk|Menelaos ',lighter,,,,she,,,that she might feel threatened
1209,scents|smell,their|of nectar and ambrosia|of sweat and sex,faint|pervasive,,,,,,,
1210,smelled|nose,of something,,,,,,,,
1211,smelling|scent,he,,,,,,,,
1212,scent,of Paris,,,,,,,,smacked her full in the face
1213,smelled|smelled,Paris|warm|warm pine|pine|Paris,very|more muted|brighter,,similar to Menelaos|warm|warm pine|pine sap|sun warmed grass,,,now,,
1214,smelled,Menelaos|he,little strange,,,,,,,
1215,scent,Menelaos ',,,,,,,,
1216,smelled,everything,sharp,,,,He|his,now,,
1217,smell,,plenty fine,,,,He|he,,,
1218,smell,all,,,,,Helen|she|he,,,
1219,smell,an omega,,,,,,,,
1220,sniff|smell,it,enough,from the pillow,like Helen,,,,,to settle the churn in his gut
1221,smelled|scent|smell|smelled,It|it|of the incense|it,vaguely soothing|good,,of something clean|of,,to him,,,
1222,smelled,He,good,,,,,,,
1223,scent|scent,of musk|oncoming rain|Helen ',mingled,,,,,,,to make things hurt a little less
1224,scent,Helen ' s,,,,,,,,a throbbing hole in his gut|he was feeling awfully lonely
1225,scent|smell,her,heavier,in the air,,,his,,,
1226,scents,of,mingled,,,in the room,,,,
1227,scent|smelled,her|of|of burning|burning honey|honey,,,of|of burning|burning honey|honey,,,,,didn ' t abate
1228,smell,the incense|her,,,,in the bedroom,,,,
1229,scent|smell,Her|her,much the same,,,,he,any,,
1230,scent,his,,,,,,,,
1231,smell,him,,,,even from here,she,,,
1232,scent,Agamemnon ' s bull,weighty,,,,,,,
1233,scent,her,,,,,,,,Something quivered warmly inside
1234,scent,his,,,,,he,,,
1235,scent,mountain meadow,softened|nearly sweet,,,,,,,
1236,smell,Agamemnon,,,,,She,,,
1237,smell,Paris,,,,,he,right,,
1238,smell,,beta,,,,,,,
1239,whiff|scent|smell,of|just salty air|mountain - meadow,spiced|sweetened|beta,the wind,,,him,,,
1240,scent,his,warm|spice|laden,,,,,,,
1241,scent,of sun|the sea,,,,across her chamber,she,,,
1242,scent,of salt,,the air,,,,,,
1243,scent,of bushes and shrubs,,,,,Her,,,
1244,smelled,Death,foul,,,,,,,made her sick
1245,smelling,steam,,,of lavender,,His,,,
1246,,,,,,,,,,
1247,,,,,,,,,,
1248,,,,,,,,,,
1249,,,,,,,,,,
1250,,,,,,,,,,
1251,,,,,,,,,,
1252,,,,,,,,,,
1253,perfume,of,sweet|dizzying,,,,,,,
1254,scents,,faint|pleasant,,,the two floors of the building|the rooms and corridors,Hermes|he,,,
1255,,,,,,,,,,
1256,,,,,,,,,,
1257,,,,,,,,,,
1258,smelling|smelling,,sweet|smelling|smelling,of the air|fabric,,,,,,
1259,scent,with incense|of death,growing,,,,,,,
1260,,,,,,,,,,
1261,,,,,,,,,,
1262,,,,,,,,,,
1263,,,,,,,,,,
1264,,,,,,,,,,
1265,,,,,,,,,,
1266,,,,,,,,,,
1267,scent|smell,,soft|golden|subtle,,,,he,,when he pulled Ganymede to himself,
1268,scent,,,,,the bedroom,,,,"the shy , uncertain churn in his gut"
1269,smelled|scents,It,bit green,,as if it had rained,"to the balcony|from both the nearby garden|the northern , terraced garden beyond",,,,
1270,scent|sweetness,,fresh|bright|changing,,,about Olympos,,,,
1271,scent,of Zeus,sweetly - charged,,,,,,,
1272,smell,of black smoke|cooking flesh,choking,pall,,,Hektor,,,
1273,stench,of smoke and blood,thick,,,in here,,,,
1274,,,,,,,,,,
1275,smell,,pleasant,,,of the room,him,,,
1276,perfume|scent,of his own incense|of Aphrodite ' s own,faint|pleasant|sweetly heady,the air,,,,,,
1277,scent,of her,lingering,,,,,,,
1278,stench,Andromache,,,,,,,,
1279,,,,,,,,,,
1280,,,,,,,,,,
1281,,,,,,,,,,
1282,smelled,the burning flesh of the offerings,,,,from afar,Duck,,,
1283,smelled,The whole room,cloyingly sweet,,,,,,,
1284,fragrant|fragrant,,fragrant|fragrant,smoke,,,,,,
1285,perfume,gallons,,,,,,,,
1286,fragrant|fragrant,leaves,fragrant|fragrant,,,,,,when crushed between his fingers,
1287,smells,of the Trojan victory feast,,,,,,,,
1288,smell,,,,,,He|he|he,,when people were lying,
1289,smelled,Joseph,good,,,,him|him,,,make him|him want to shove his nose into the crook of Joseph ' s neck
1290,smelled,the sleep - rumpled sheets,,,like flowers and him,,,,,
1291,smell,of the wildflowers,,,,in the fields,He,,,
1292,smell|smell,of beast,,,,,he,,,
1293,smell,you,nice,,,,,,,
1294,,,,,,,,,,
1295,,,,,,,,,,
1296,smelling,dry earth,,,like summer,,,,,
1297,scent,,,,,,,,,to conjure the memories inside of him
1298,scent,of the sun burning down on the earth,,,,,his,,,
1299,smells,The|The,,The|The air,like warm earth and salt,,,,,
1300,smell,it|blood,metallic,,,,his|he,,,
1301,scent,His,,,that of sandalwood|something,,,,,
1302,scent,of sea salt,lingering,in the air,,,,,,
1303,smell,,,,,,they,,,
1304,scent,of blood,metallic,,,,,,,
1305,stench,of blood,,,,over the camp,,these days|at all times,,
1306,scent,of sea salt|the olive soap,,,,,he,,,
1307,splatter,stream|its,soothing,,,,,,,
1308,smell|fragrant|fragrant,"the|the fresh air|of buds|the sun - warmed , dusty earth",fragrant|fragrant,the|the,,,He,,,
1309,smell,of blood and iron,,in the air,,,,,,
1310,smells,his hair,,,it used to,,,,,
1311,smelling|smelling,blossoms of the myrtle bush,sweet - smelling|smelling,,,,,,,
1312,stink,stains,,,,,Atalanta,,,
1313,scent,her,,,,,They,,,
1314,smelling|smelling,some|food,admittedly delicious - smelling|smelling,,,,,,,
1315,Washed|perfumed|perfumed|stink,their,perfumed|perfumed,,,,,,,
1316,smell,they,badly,,,,Atalanta,last night,,
1317,perfumed|perfumed,,perfumed|perfumed,unguents,,,,,,
1318,smell|sniff,we|we,that bad,around her armor,,,we|we,,,
1319,stink,,more rude,,,,Atalanta,,,
1320,stinky|stinky,the slaves,so stinky|stinky,,,,,,,
1321,stink,,relative level,,,,Atalanta,,,
1322,stank,this corner of the armory|of|of death|death,,,of|of death|death and old blood,,Irnuasu,,,
1323,scent,,,,like,,,,,
1324,smell,of roasting meat,,,,out of the open door of the house,,,,making Atalanta ' s stomach strongly remind her
1325,scent,of some incomparable fruit,sweet,in the air,,,,,,
1326,scent,,sweet,in the air,,,,,,
1327,breath|odor,its,hot|foul,,,,,,,nearly suffocating her
1328,smell,the corpses|them,,,,to a deeper chamber of the cave,they,,,
1329,smelled,it,so vile,,,,Atalanta,,,that
1330,smelling|smelling,,foul - smelling|smelling,smoke,,,,,,
1331,Smell|sniffing,,,,,,,,,
1332,stink,we|Of Achaian blades,,,,,,,,
1333,smelled,of flowers|fresh fruit|fine wine,fresh|sweet|stale|dank,The air,of a prison,in the room,,,,
1334,,,,,,,,,,
1335,scent,Aphrodite|rose,sweet,,,,,,,scouring away the inhibitions that had held Menelaos back
1336,,,,,,,,,,
1337,scent,smoke,,,,,his,in the dark,,
1338,,,,,,,,,,
1339,,,,,,,,,,
1340,smell,the brine of the sea,,,,,he,,,
1341,smell,the sea salt,,,,,Patroclus,,,
1342,scent,of sweat|something,sweet,,,,he,,,
1343,smell,Fish,,,,over,his|his,,,made his|his stomach turn
1344,smell,a cup of wine,,,,from a nearby table,Patroclus,,,to dissipate
1345,scent,of iron,heavy,,,,him,,,
1346,smell,of blood,coppery,,,the tent,they,,,
1347,smell,of blood|of arrows and spears,,,,,,,,
1348,smell|perfume,her,sweet,,,,around his,,,
1349,scented|scented,streaming water,scented|scented,,,,him,,,
1350,scented|scented,oils,scented|scented,,,,,,,
1351,scent,of fresh blood,heavy,,,,,,,made him a bit nauseous
1352,reek,You|blasphemy,,,of,,,,,
1353,scent,,sweet,,,,,,,
1354,scent,of sex,,them,,,,,,
1355,smell,Patroclus|of metallic,heavy,,,,him,,,
1356,scent,of blood,too much,,,,,,,
1357,scent,his,,,,,Achilles,,,
1358,scent,of metal,heavy,,,,him,when he entered,,
1359,smelled,Alexander,soft,,like warm sunshine and milk and honey,,,,,
1360,smelling|stench,of sweat|of death,unmistakable,,,,Achilles|Hector,,,
1361,,,,,,,,,,
1362,smell,,metallic,,,,him,now,,
1363,scent,of almonds|sandalwood,,,,,,,,
1364,scent,,,,,,he,,,
1365,inhaled,,,,,,he,,,
1366,,,,,,,,,,
1367,scent,it,,,,,' s,,,
1368,smelled,of sweet succor|death|rot,,,,,,,,
1369,smell,,thick|alluringly floral,,,,,,,
1370,scented|scented,,scented|scented,,,,,,,
1371,smelled,,right,in the air,,,,,,
1372,smell,,,,,on the walls on each side of the door,,,,
1373,smells,,,,,it,,,,
1374,fragrance,of ambrosia|the body,sweet,,,,,,,
1375,smelling|smelling,oils,sweet - smelling|smelling,,,,,,,
1376,smells|scent|nose,of water|clean hair,faint|warm,,,,he|his|his,,,
1377,smell,of oil|hot waft of evaporating steam,sweet,,,In here,,,,
1378,smelling|smelling,,sweetly rose - smelling|smelling,,,,,,,
1379,smell,the smoke|of food being prepared,,the air,,,,,,which brought Penthesileia ' s
1380,smelling|smelling,,rain - smelling|smelling,,,,,,,
1381,smelling|smelling,,- smelling|smelling,,,,,,,
1382,smelled|scent,of|of roses|of burned flesh from the sacrifice,sweetly,the air,of|of,,,,,
1383,smell,of cooking flesh,,,,,,,,
1384,smell|scents,of smoke,sweetly floral,to the fabric,,,,,,she swallowed down her protesting throat
1385,stinking|stinking,breath,dizzyingly|stinking|stinking,,,,,,,made it even harder for her to breathe
1386,smell,of cooking food,,on the breeze,,,,,,
1387,,,,,,,,,,
1388,,,,,,,,,,
1389,,,,,,,,,,
1390,,,,,,,,,,
1391,,,,,,,,,,
1392,scent,honey|honey -,crisp|honey|honey|golden,,,,She,,,
1393,scent,sunlight|apple -,,,,,,,,
1394,smelled|scents,The meadow|of nectar and wine|roasted meat|fresh fruits,green|wild,,,,,,,
1395,smelled|scents|scents,,so many earthly|ethereal|mortal|so heavy,,,,he,,,
1396,scents,,pure mortal,,,,him,,,
1397,,,,,,,,,,
1398,,,,,,,,,,
1399,fume,of smoke,dark,,,,,,,
1400,whiff,,,,,,,,,distorted the peaceful gathering of poets and singers|sending papers written with notes and carefully arranged hair flying
1401,smelled,the god|of death|arousal,,,,,,,,
1402,smelling,He|of murder,,,,,his,,,
1403,Smell,of fresh kill,nearly overwhelming,,,,,,,
1404,inhaled|scent,Aphrodite ' s|a lock of gold hair,,,,,he,,,
1405,,,,,,,,,,
1406,,,,,,,,,,
1407,,,,,,,,,,
1408,,,,,,,,,,
1409,smell,You,,,like an entire vineyard,,,,,
1410,smelled,rankness,,,,,You|men,at,,
1411,,,,,,,,,,
1412,,,,,,,,,,
1413,scent,of blood and rotten flesh,,the air,,,,,,
1414,scents,of smoke|blood|burning,,,,the distant campfires on the beach,,,,
1415,scent,of her hair,wildflower,,,,,,,bringing him out of sleep with a jerk
1416,,,,,,,,,,
1417,,,,,,,,,,
1418,smells,its,unmistakable,,,,Sthenelos,,,
1419,,,,,,,,,,
1420,,,,,,,,,,
1421,smell,the smoke of burning wood,,,,,,,,
1422,scent,the laurel|fresh wine|the ash of,,,,,,,,
1423,scent,of sweat and leather,acrid|muted|frail,,,,,,,
1424,,,,,,,,,,
1425,,,,,,,,,,
1426,,,,,,,,,,
1427,,,,,,,,,,
1428,,,,,,,,,,
1429,,,,,,,,,,
1430,scent|smelt,of blood,metallic,The howling breeze,,,,,,
1431,,,,,,,,,,
1432,,,,,,,,,,
1433,,,,,,,,,,
1434,,,,,,,,,,
1435,,,,,,,,,,
1436,,,,,,,,,,
1437,,,,,,,,,,
1438,,,,,,,,,,
1439,,,,,,,,,,
1440,,,,,,,,,,
1441,perfume,Her,light|fresh,,like the air before dawn,,,,,
1442,,,,,,,,,,
1443,smelling,of honey,,,,The,,,,
1444,smells,,,,,,Her|she,,,
1445,,,,,,,,,,
1446,,,,,,,,,,
1447,,,,,,,,,,
1448,,,,,,,,,,
1449,scented|scented,oils,scented|scented,,,,,,,
1450,,,,,,,,,,
1451,,,,,,,,,,
1452,inhaled|scent,its,masculine,,,,I,,,
1453,stench,of his own sickness,,,,,him,,,
1454,smells,,,The air,like smoke,,,,,
1455,stench,of rot and decay,,,,,,,,
1456,,,,,,,,,,
